run_dir,scene,uav_num,method,instance,communication_threshold_m,activation_script,prct_enable_retry_suppression,prct_enable_peer_takeover,pilot_completed,completion_observed_all,finish_count,makespan_s_proxy,astar_failure_diagnostic_count,astar_open_set_exhausted_count,astar_repeated_goal_count,astar_max_goal_failures,trajectory_plan_failure_count,trajectory_plan_astar_failure_count,explore_failure_count,explore_success_count,lkh_failure_count,lkh_success_count,lkh_duration_p95_wall_s,allocation_assignment_count,allocation_candidate_set_count,takeover_sent,takeover_received,takeover_executed,takeover_dropped,takeover_targets,receipt_sent_count,receipt_received_count,receipt_accepted,receipt_completed,receipt_rejected,receipt_aborted,receipt_stale,handoff_fallback_count,peer_reachability_query_count,wait_events_count,wait_transitions_count,wait_exit_count,wait_duration_total_wall_s,wait_duration_p50_wall_s,wait_duration_p95_wall_s,retry_suppression_register,retry_suppression_skip,takeover_suppressed,trajectory_end_frontier_covered,trajectory_end_periodic_replan,event_trajectory_start,event_trajectory_end,json_parse_error_count
/home/c2dev/c2_explorer_reproduction/logs/reachability_retry/formal/cubicle_office/uav_4/b0_cubicle_office_uav4_run_001,cubicle_office,4,b0,001,5.0,/home/c2dev/c2_explorer_reproduction/scripts/activate_reachability_retry.sh,false,false,1,1,4,75.09740948677063,0,0,0,0,0,0,4,274,0,497,0.050569199999999995,26,9,0,0,0,0,0,0,0,0,0,0,0,0,0,0,0,0,0,0.0,,,0,0,0,268,6,291,274,0
/home/c2dev/c2_explorer_reproduction/logs/reachability_retry/formal/cubicle_office/uav_4/b0_cubicle_office_uav4_run_003,cubicle_office,4,b0,003,5.0,/home/c2dev/c2_explorer_reproduction/scripts/activate_reachability_retry.sh,false,false,1,1,4,76.4599781036377,0,0,0,0,0,0,5,267,0,501,0.29446725,43,17,0,0,0,0,0,0,0,0,0,0,0,0,0,0,0,0,0,0.0,,,0,0,0,260,7,283,267,0
/home/c2dev/c2_explorer_reproduction/logs/reachability_retry/formal/cubicle_office/uav_4/b0_cubicle_office_uav4_run_004,cubicle_office,4,b0,004,5.0,/home/c2dev/c2_explorer_reproduction/scripts/activate_reachability_retry.sh,false,false,1,1,4,59.65619254112244,4,4,0,1,5,4,8,245,0,449,0.0394525,30,12,0,0,0,0,0,0,0,0,0,0,0,0,0,0,0,0,0,0.0,,,0,0,0,234,7,289,242,0
/home/c2dev/c2_explorer_reproduction/logs/reachability_retry/formal/cubicle_office/uav_4/b0_cubicle_office_uav4_run_005,cubicle_office,4,b0,005,5.0,/home/c2dev/c2_explorer_reproduction/scripts/activate_reachability_retry.sh,false,false,1,1,4,69.50633025169373,0,0,0,0,0,0,4,287,0,481,0.040399399999999995,21,8,0,0,0,0,0,0,0,0,0,0,0,0,0,0,0,0,0,0.0,,,0,0,0,276,11,303,287,0
/home/c2dev/c2_explorer_reproduction/logs/reachability_retry/formal/cubicle_office/uav_4/b0_cubicle_office_uav4_run_006,cubicle_office,4,b0,006,5.0,/home/c2dev/c2_explorer_reproduction/scripts/activate_reachability_retry.sh,false,false,1,1,4,73.90903186798096,7,7,0,1,7,7,11,261,0,466,0.036796499999999996,27,11,0,0,0,0,0,0,0,0,0,0,0,0,0,0,0,0,0,0.0,,,0,0,0,254,6,283,260,0
/home/c2dev/c2_explorer_reproduction/logs/reachability_retry/formal/cubicle_office/uav_4/b0_cubicle_office_uav4_run_007,cubicle_office,4,b0,007,5.0,/home/c2dev/c2_explorer_reproduction/scripts/activate_reachability_retry.sh,false,false,1,1,4,80.90932607650757,0,0,0,0,0,0,4,298,0,520,0.0370205,18,7,0,0,0,0,0,0,0,0,0,0,0,0,0,0,0,0,0,0.0,,,0,0,0,287,11,337,298,0
/home/c2dev/c2_explorer_reproduction/logs/reachability_retry/formal/cubicle_office/uav_4/b0_cubicle_office_uav4_run_008,cubicle_office,4,b0,008,5.0,/home/c2dev/c2_explorer_reproduction/scripts/activate_reachability_retry.sh,false,false,1,1,4,72.27647376060486,21,21,4,2,21,21,26,293,0,512,0.04357509999999999,36,17,0,0,0,0,0,0,0,0,0,0,0,0,0,0,0,0,0,0.0,,,0,0,0,280,11,323,292,0
/home/c2dev/c2_explorer_reproduction/logs/reachability_retry/formal/cubicle_office/uav_4/b0_cubicle_office_uav4_run_009,cubicle_office,4,b0,009,5.0,/home/c2dev/c2_explorer_reproduction/scripts/activate_reachability_retry.sh,false,false,1,1,4,63.55218315124512,0,0,0,0,0,0,5,273,0,479,0.03598175,17,7,0,0,0,0,0,0,0,0,0,0,0,0,0,0,0,0,0,0.0,,,0,0,0,268,5,291,273,0
/home/c2dev/c2_explorer_reproduction/logs/reachability_retry/formal/cubicle_office/uav_4/b0_cubicle_office_uav4_run_010,cubicle_office,4,b0,010,5.0,/home/c2dev/c2_explorer_reproduction/scripts/activate_reachability_retry.sh,false,false,1,1,4,74.17046809196472,0,0,0,0,0,0,4,271,0,473,0.08371834999999997,22,10,0,0,0,0,0,0,0,0,0,0,0,0,0,0,0,0,0,0.0,,,0,0,0,255,16,295,271,0
/home/c2dev/c2_explorer_reproduction/logs/reachability_retry/formal/cubicle_office/uav_4/b0_cubicle_office_uav4_run_011,cubicle_office,4,b0,011,5.0,/home/c2dev/c2_explorer_reproduction/scripts/activate_reachability_retry.sh,false,false,1,1,4,79.48679852485657,13,13,0,1,13,13,18,281,0,480,0.030598399999999998,18,7,0,0,0,0,0,0,0,0,0,0,0,0,0,0,0,0,0,0.0,,,0,0,0,275,5,294,280,0
/home/c2dev/c2_explorer_reproduction/logs/reachability_retry/formal/cubicle_office/uav_4/b0_cubicle_office_uav4_run_012,cubicle_office,4,b0,012,5.0,/home/c2dev/c2_explorer_reproduction/scripts/activate_reachability_retry.sh,false,false,1,1,4,65.68035936355591,0,0,0,0,0,0,7,286,0,490,0.04920259999999999,41,18,0,0,0,0,0,0,0,0,0,0,0,0,0,0,0,0,0,0.0,,,0,0,0,276,9,320,286,0
/home/c2dev/c2_explorer_reproduction/logs/reachability_retry/formal/cubicle_office/uav_4/b0_cubicle_office_uav4_run_013,cubicle_office,4,b0,013,5.0,/home/c2dev/c2_explorer_reproduction/scripts/activate_reachability_retry.sh,false,false,1,1,4,59.27820563316345,0,0,0,0,0,0,6,236,0,408,0.0423061,18,7,0,0,0,0,0,0,0,0,0,0,0,0,0,0,0,0,0,0.0,,,0,0,0,232,4,251,236,0
/home/c2dev/c2_explorer_reproduction/logs/reachability_retry/formal/cubicle_office/uav_4/b1_cubicle_office_uav4_run_001,cubicle_office,4,b1,001,5.0,/home/c2dev/c2_explorer_reproduction/scripts/activate_reachability_retry.sh,true,false,1,0,3,125.8121554851532,0,0,0,0,0,0,3,198,0,449,0.17301429999999995,39,15,0,0,0,0,0,0,0,0,0,0,0,0,0,0,0,0,0,0.0,,,0,0,0,171,23,206,197,0
/home/c2dev/c2_explorer_reproduction/logs/reachability_retry/formal/cubicle_office/uav_4/b1_cubicle_office_uav4_run_002,cubicle_office,4,b1,002,5.0,/home/c2dev/c2_explorer_reproduction/scripts/activate_reachability_retry.sh,true,false,1,1,4,68.16877269744873,22,22,0,1,24,22,25,257,0,482,0.09634999999999999,26,11,0,0,0,0,0,0,0,0,0,0,0,0,0,0,0,0,0,0.0,,,22,28,0,239,15,284,254,0
/home/c2dev/c2_explorer_reproduction/logs/reachability_retry/formal/cubicle_office/uav_4/b1_cubicle_office_uav4_run_003,cubicle_office,4,b1,003,5.0,/home/c2dev/c2_explorer_reproduction/scripts/activate_reachability_retry.sh,true,false,1,1,4,69.98965811729431,0,0,0,0,0,0,5,258,0,454,0.0542508,16,5,0,0,0,0,0,0,0,0,0,0,0,0,0,0,0,0,0,0.0,,,0,0,0,247,11,280,258,0
/home/c2dev/c2_explorer_reproduction/logs/reachability_retry/formal/cubicle_office/uav_4/b1_cubicle_office_uav4_run_004,cubicle_office,4,b1,004,5.0,/home/c2dev/c2_explorer_reproduction/scripts/activate_reachability_retry.sh,true,false,1,1,4,78.99125909805298,0,0,0,0,0,0,6,289,0,476,0.035178,30,14,0,0,0,0,0,0,0,0,0,0,0,0,0,0,0,0,0,0.0,,,0,0,0,278,11,319,289,0
/home/c2dev/c2_explorer_reproduction/logs/reachability_retry/formal/cubicle_office/uav_4/b1_cubicle_office_uav4_run_005,cubicle_office,4,b1,005,5.0,/home/c2dev/c2_explorer_reproduction/scripts/activate_reachability_retry.sh,true,false,1,1,4,63.14247941970825,0,0,0,0,0,0,5,259,0,424,0.04086089999999999,26,10,0,0,0,0,0,0,0,0,0,0,0,0,0,0,0,0,0,0.0,,,0,0,0,254,5,269,259,0
/home/c2dev/c2_explorer_reproduction/logs/reachability_retry/formal/cubicle_office/uav_4/b1_cubicle_office_uav4_run_006,cubicle_office,4,b1,006,5.0,/home/c2dev/c2_explorer_reproduction/scripts/activate_reachability_retry.sh,true,false,1,1,4,79.08241391181946,0,0,0,0,0,0,4,285,0,498,0.052896349999999995,32,14,0,0,0,0,0,0,0,0,0,0,0,0,0,0,0,0,0,0.0,,,0,0,0,279,6,313,285,0
/home/c2dev/c2_explorer_reproduction/logs/reachability_retry/formal/cubicle_office/uav_4/b1_cubicle_office_uav4_run_007,cubicle_office,4,b1,007,5.0,/home/c2dev/c2_explorer_reproduction/scripts/activate_reachability_retry.sh,true,false,1,1,4,80.23044443130493,0,0,0,0,0,0,4,248,0,493,0.064462,33,13,0,0,0,0,0,0,0,0,0,0,0,0,0,0,0,0,0,0.0,,,0,0,0,232,15,272,248,0
/home/c2dev/c2_explorer_reproduction/logs/reachability_retry/formal/cubicle_office/uav_4/b1_cubicle_office_uav4_run_008,cubicle_office,4,b1,008,5.0,/home/c2dev/c2_explorer_reproduction/scripts/activate_reachability_retry.sh,true,false,1,1,4,60.37960648536682,0,0,0,0,0,0,6,241,0,434,0.037415699999999996,37,17,0,0,0,0,0,0,0,0,0,0,0,0,0,0,0,0,0,0.0,,,0,0,0,235,6,265,241,0
/home/c2dev/c2_explorer_reproduction/logs/reachability_retry/formal/cubicle_office/uav_4/b1_cubicle_office_uav4_run_009,cubicle_office,4,b1,009,5.0,/home/c2dev/c2_explorer_reproduction/scripts/activate_reachability_retry.sh,true,false,1,1,4,70.39930009841919,0,0,0,0,0,0,4,288,0,465,0.039155799999999984,30,13,0,0,0,0,0,0,0,0,0,0,0,0,0,0,0,0,0,0.0,,,0,0,0,275,13,309,288,0
/home/c2dev/c2_explorer_reproduction/logs/reachability_retry/formal/cubicle_office/uav_4/b1_cubicle_office_uav4_run_010,cubicle_office,4,b1,010,5.0,/home/c2dev/c2_explorer_reproduction/scripts/activate_reachability_retry.sh,true,false,1,1,4,70.12976264953613,0,0,0,0,0,0,7,253,0,459,0.08820439999999986,37,16,0,0,0,0,0,0,0,0,0,0,0,0,0,0,0,0,0,0.0,,,0,0,0,245,7,281,253,0
/home/c2dev/c2_explorer_reproduction/logs/reachability_retry/formal/cubicle_office/uav_4/b1_cubicle_office_uav4_run_011,cubicle_office,4,b1,011,5.0,/home/c2dev/c2_explorer_reproduction/scripts/activate_reachability_retry.sh,true,false,1,1,4,66.5180721282959,0,0,0,0,0,0,6,269,0,445,0.043468349999999996,36,17,0,0,0,0,0,0,0,0,0,0,0,0,0,0,0,0,0,0.0,,,0,0,0,261,8,296,269,0
/home/c2dev/c2_explorer_reproduction/logs/reachability_retry/formal/cubicle_office/uav_4/b1_cubicle_office_uav4_run_012,cubicle_office,4,b1,012,5.0,/home/c2dev/c2_explorer_reproduction/scripts/activate_reachability_retry.sh,true,false,1,1,4,65.08844470977783,15,15,0,1,15,15,17,256,0,480,0.04026139999999999,27,11,0,0,0,0,0,0,0,0,0,0,0,0,0,0,0,0,0,0.0,,,15,22,0,247,7,283,254,0
/home/c2dev/c2_explorer_reproduction/logs/reachability_retry/formal/cubicle_office/uav_4/b1_cubicle_office_uav4_run_013,cubicle_office,4,b1,013,5.0,/home/c2dev/c2_explorer_reproduction/scripts/activate_reachability_retry.sh,true,false,1,1,4,64.00516295433044,0,0,0,0,0,0,6,240,0,417,0.07671939999999994,34,15,0,0,0,0,0,0,0,0,0,0,0,0,0,0,0,0,0,0.0,,,0,0,0,228,11,258,240,0
/home/c2dev/c2_explorer_reproduction/logs/reachability_retry/formal/cubicle_office/uav_4/b2_cubicle_office_uav4_run_001,cubicle_office,4,b2,001,5.0,/home/c2dev/c2_explorer_reproduction/scripts/activate_reachability_retry.sh,true,false,1,1,4,70.85647368431091,0,0,0,0,0,0,5,268,0,440,0.0476711,25,11,0,0,0,0,0,0,0,0,0,0,0,0,0,0,0,0,0,0.0,,,0,0,0,256,12,283,268,0
/home/c2dev/c2_explorer_reproduction/logs/reachability_retry/formal/cubicle_office/uav_4/b2_cubicle_office_uav4_run_002,cubicle_office,4,b2,002,5.0,/home/c2dev/c2_explorer_reproduction/scripts/activate_reachability_retry.sh,true,false,1,1,4,86.47813653945923,0,0,0,0,0,0,7,242,0,463,0.048856,50,21,0,0,0,0,0,0,0,0,0,0,0,0,0,0,0,0,0,0.0,,,0,0,0,230,12,284,242,0
/home/c2dev/c2_explorer_reproduction/logs/reachability_retry/formal/cubicle_office/uav_4/b2_cubicle_office_uav4_run_003,cubicle_office,4,b2,003,5.0,/home/c2dev/c2_explorer_reproduction/scripts/activate_reachability_retry.sh,true,false,1,1,4,74.41521906852722,0,0,0,0,0,0,6,273,0,517,0.046832849999999995,35,14,0,0,0,0,0,0,0,0,0,0,0,0,0,0,0,0,0,0.0,,,0,0,0,260,13,288,273,0
/home/c2dev/c2_explorer_reproduction/logs/reachability_retry/formal/cubicle_office/uav_4/b2_cubicle_office_uav4_run_004,cubicle_office,4,b2,004,5.0,/home/c2dev/c2_explorer_reproduction/scripts/activate_reachability_retry.sh,true,false,1,1,4,78.63119316101074,3,3,0,1,4,3,8,304,0,480,0.03821539999999998,36,16,0,0,0,0,0,0,0,0,0,0,0,0,0,9,0,0,0,0.0,,,3,0,0,278,25,323,303,0
/home/c2dev/c2_explorer_reproduction/logs/reachability_retry/formal/cubicle_office/uav_4/b2_cubicle_office_uav4_run_005,cubicle_office,4,b2,005,5.0,/home/c2dev/c2_explorer_reproduction/scripts/activate_reachability_retry.sh,true,false,1,1,4,78.10143399238586,9,9,0,1,10,9,14,257,0,469,0.0454109,27,10,0,0,0,0,0,0,0,0,0,0,0,0,0,27,0,0,0,0.0,,,9,5,0,242,14,274,256,0
/home/c2dev/c2_explorer_reproduction/logs/reachability_retry/formal/cubicle_office/uav_4/b2_cubicle_office_uav4_run_006,cubicle_office,4,b2,006,5.0,/home/c2dev/c2_explorer_reproduction/scripts/activate_reachability_retry.sh,true,false,1,1,4,74.62456679344177,0,0,0,0,0,0,7,249,0,481,0.0608652,24,9,0,0,0,0,0,0,0,0,0,0,0,0,0,0,0,0,0,0.0,,,0,0,0,242,7,265,249,0
/home/c2dev/c2_explorer_reproduction/logs/reachability_retry/formal/cubicle_office/uav_4/b2_cubicle_office_uav4_run_007,cubicle_office,4,b2,007,5.0,/home/c2dev/c2_explorer_reproduction/scripts/activate_reachability_retry.sh,true,false,1,1,4,85.82926344871521,0,0,0,0,0,0,5,263,0,451,0.04388,48,22,0,0,0,0,0,0,0,0,0,0,0,0,0,0,0,0,0,0.0,,,0,0,0,241,22,308,263,0
/home/c2dev/c2_explorer_reproduction/logs/reachability_retry/formal/cubicle_office/uav_4/b2_cubicle_office_uav4_run_008,cubicle_office,4,b2,008,5.0,/home/c2dev/c2_explorer_reproduction/scripts/activate_reachability_retry.sh,true,false,1,1,4,78.75073504447937,5,5,0,1,5,5,13,291,0,491,0.051473599999999994,51,22,0,0,0,0,0,0,0,0,0,0,0,0,0,15,0,0,0,0.0,,,5,0,0,280,9,329,289,0
/home/c2dev/c2_explorer_reproduction/logs/reachability_retry/formal/cubicle_office/uav_4/b2_cubicle_office_uav4_run_009,cubicle_office,4,b2,009,5.0,/home/c2dev/c2_explorer_reproduction/scripts/activate_reachability_retry.sh,true,false,1,1,4,73.90202760696411,3,3,0,1,3,3,6,262,0,427,0.0400335,28,11,0,0,0,0,0,0,0,0,0,0,0,0,0,9,0,0,0,0.0,,,3,0,0,247,14,283,261,0
/home/c2dev/c2_explorer_reproduction/logs/reachability_retry/formal/cubicle_office/uav_4/b2_cubicle_office_uav4_run_010,cubicle_office,4,b2,010,5.0,/home/c2dev/c2_explorer_reproduction/scripts/activate_reachability_retry.sh,true,false,1,1,4,57.25985860824585,0,0,0,0,0,0,6,223,0,413,0.05670035,25,10,0,0,0,0,0,0,0,0,0,0,0,0,0,0,0,0,0,0.0,,,0,0,0,218,5,242,223,0
/home/c2dev/c2_explorer_reproduction/logs/reachability_retry/formal/cubicle_office/uav_4/b2_cubicle_office_uav4_run_011,cubicle_office,4,b2,011,5.0,/home/c2dev/c2_explorer_reproduction/scripts/activate_reachability_retry.sh,true,false,1,1,4,67.56946420669556,13,13,0,1,14,13,18,220,0,443,0.06369199999999998,37,16,0,0,0,0,0,0,0,0,0,0,0,0,0,39,0,0,0,0.0,,,13,10,0,209,8,256,218,0
/home/c2dev/c2_explorer_reproduction/logs/reachability_retry/formal/cubicle_office/uav_4/b2_cubicle_office_uav4_run_012,cubicle_office,4,b2,012,5.0,/home/c2dev/c2_explorer_reproduction/scripts/activate_reachability_retry.sh,true,false,1,1,4,82.16086053848267,0,0,0,0,0,0,6,258,0,448,0.051285250000000004,40,18,0,0,0,0,0,0,0,0,0,0,0,0,0,0,0,0,0,0.0,,,0,0,0,237,21,279,258,0
/home/c2dev/c2_explorer_reproduction/logs/reachability_retry/formal/cubicle_office/uav_4/b2_cubicle_office_uav4_run_013,cubicle_office,4,b2,013,5.0,/home/c2dev/c2_explorer_reproduction/scripts/activate_reachability_retry.sh,true,false,1,1,4,77.43017387390137,0,0,0,0,0,0,5,298,0,488,0.0544046,34,14,0,0,0,0,0,0,0,0,0,0,0,0,0,0,0,0,0,0.0,,,0,0,0,284,14,323,298,0
/home/c2dev/c2_explorer_reproduction/logs/reachability_retry/formal/cubicle_office/uav_4/b3_cubicle_office_uav4_run_001,cubicle_office,4,b3,001,5.0,/home/c2dev/c2_explorer_reproduction/scripts/activate_reachability_retry.sh,true,true,1,1,4,87.19555735588074,0,0,0,0,0,0,5,265,0,496,0.07176225,40,16,0,0,0,0,0,0,0,0,0,0,0,0,0,0,0,0,0,0.0,,,0,0,0,243,22,303,265,0
/home/c2dev/c2_explorer_reproduction/logs/reachability_retry/formal/cubicle_office/uav_4/b3_cubicle_office_uav4_run_003,cubicle_office,4,b3,003,5.0,/home/c2dev/c2_explorer_reproduction/scripts/activate_reachability_retry.sh,true,true,1,1,4,68.89240503311157,0,0,0,0,0,0,4,220,0,397,0.0784235,22,8,0,0,0,0,0,0,0,0,0,0,0,0,0,0,0,0,0,0.0,,,0,0,0,209,11,235,220,0
/home/c2dev/c2_explorer_reproduction/logs/reachability_retry/formal/cubicle_office/uav_4/b3_cubicle_office_uav4_run_004,cubicle_office,4,b3,004,5.0,/home/c2dev/c2_explorer_reproduction/scripts/activate_reachability_retry.sh,true,true,1,1,4,71.61433362960815,13,13,0,1,15,13,26,258,0,449,0.04806865,25,10,6,6,6,0,6,12,48,6,6,0,0,0,0,18,6,6,6,1.5240297317504883,0.24651801586151123,0.28753238916397095,13,17,7,251,5,289,256,0
/home/c2dev/c2_explorer_reproduction/logs/reachability_retry/formal/cubicle_office/uav_4/b3_cubicle_office_uav4_run_005,cubicle_office,4,b3,005,5.0,/home/c2dev/c2_explorer_reproduction/scripts/activate_reachability_retry.sh,true,true,1,1,4,63.44556784629822,0,0,0,0,0,0,9,254,0,456,0.047079,53,24,0,0,0,0,0,0,0,0,0,0,0,0,0,0,0,0,0,0.0,,,0,0,0,246,8,272,254,0
/home/c2dev/c2_explorer_reproduction/logs/reachability_retry/formal/cubicle_office/uav_4/b3_cubicle_office_uav4_run_006,cubicle_office,4,b3,006,5.0,/home/c2dev/c2_explorer_reproduction/scripts/activate_reachability_retry.sh,true,true,1,1,4,76.76862502098083,6,6,0,1,6,6,12,268,0,460,0.03522425,17,6,3,3,3,0,3,6,24,3,3,0,0,0,0,9,3,3,3,0.925755500793457,0.34029269218444824,0.346431303024292,6,2,3,255,11,289,267,0
/home/c2dev/c2_explorer_reproduction/logs/reachability_retry/formal/cubicle_office/uav_4/b3_cubicle_office_uav4_run_007,cubicle_office,4,b3,007,5.0,/home/c2dev/c2_explorer_reproduction/scripts/activate_reachability_retry.sh,true,true,1,1,4,86.7385368347168,0,0,0,0,0,0,6,259,0,446,0.0369415,27,12,0,0,0,0,0,0,0,0,0,0,0,0,0,0,0,0,0,0.0,,,0,0,0,244,15,271,259,0
/home/c2dev/c2_explorer_reproduction/logs/reachability_retry/formal/cubicle_office/uav_4/b3_cubicle_office_uav4_run_008,cubicle_office,4,b3,008,5.0,/home/c2dev/c2_explorer_reproduction/scripts/activate_reachability_retry.sh,true,true,1,1,4,152.1269998550415,0,0,0,0,0,0,82,244,0,470,0.030203799999999933,94,45,0,0,0,0,0,0,0,0,0,0,0,0,0,0,0,0,0,0.0,,,0,0,0,235,8,254,244,0
/home/c2dev/c2_explorer_reproduction/logs/reachability_retry/formal/cubicle_office/uav_4/b3_cubicle_office_uav4_run_009,cubicle_office,4,b3,009,5.0,/home/c2dev/c2_explorer_reproduction/scripts/activate_reachability_retry.sh,true,true,1,1,4,63.94616508483887,0,0,0,0,0,0,7,249,0,416,0.04364435,24,10,0,0,0,0,0,0,0,0,0,0,0,0,0,0,0,0,0,0.0,,,0,0,0,243,6,259,249,0
/home/c2dev/c2_explorer_reproduction/logs/reachability_retry/formal/cubicle_office/uav_4/b3_cubicle_office_uav4_run_010,cubicle_office,4,b3,010,5.0,/home/c2dev/c2_explorer_reproduction/scripts/activate_reachability_retry.sh,true,true,1,1,4,60.259074687957764,0,0,0,0,0,0,4,261,0,442,0.0453591,19,7,0,0,0,0,0,0,0,0,0,0,0,0,0,0,0,0,0,0.0,,,0,0,0,255,6,283,261,0
/home/c2dev/c2_explorer_reproduction/logs/reachability_retry/formal/cubicle_office/uav_4/b3_cubicle_office_uav4_run_011,cubicle_office,4,b3,011,5.0,/home/c2dev/c2_explorer_reproduction/scripts/activate_reachability_retry.sh,true,true,1,1,4,70.09176778793335,2,2,0,1,2,2,8,257,0,448,0.04005165,36,17,2,2,2,0,2,4,16,2,2,0,0,0,0,6,2,2,2,0.8467040061950684,0.4233520030975342,0.5703685998916626,2,0,0,248,8,294,256,0
/home/c2dev/c2_explorer_reproduction/logs/reachability_retry/formal/cubicle_office/uav_4/b3_cubicle_office_uav4_run_012,cubicle_office,4,b3,012,5.0,/home/c2dev/c2_explorer_reproduction/scripts/activate_reachability_retry.sh,true,true,1,1,4,63.089874029159546,0,0,0,0,0,0,4,252,0,445,0.04838625,16,6,0,0,0,0,0,0,0,0,0,0,0,0,0,0,0,0,0,0.0,,,0,0,0,248,4,267,252,0
/home/c2dev/c2_explorer_reproduction/logs/reachability_retry/formal/cubicle_office/uav_4/b3_cubicle_office_uav4_run_013,cubicle_office,4,b3,013,5.0,/home/c2dev/c2_explorer_reproduction/scripts/activate_reachability_retry.sh,true,true,1,1,4,67.86446952819824,0,0,0,0,0,0,7,253,0,456,0.039974249999999996,39,16,0,0,0,0,0,0,0,0,0,0,0,0,0,0,0,0,0,0.0,,,0,0,0,238,15,277,253,0
/home/c2dev/c2_explorer_reproduction/logs/reachability_retry/formal/octa_maze/uav_4/b0_octa_maze_uav4_run_001,octa_maze,4,b0,001,5.0,/home/c2dev/c2_explorer_reproduction/scripts/activate_reachability_retry.sh,false,false,1,1,4,100.43096733093262,3,3,0,1,7,3,11,340,0,642,0.07074614999999998,30,12,0,0,0,0,0,0,0,0,0,0,0,0,0,0,0,0,0,0.0,,,0,0,0,321,16,366,340,0
/home/c2dev/c2_explorer_reproduction/logs/reachability_retry/formal/octa_maze/uav_4/b0_octa_maze_uav4_run_002,octa_maze,4,b0,002,5.0,/home/c2dev/c2_explorer_reproduction/scripts/activate_reachability_retry.sh,false,false,1,1,4,67.48536801338196,0,0,0,0,0,0,5,275,0,523,0.069634,31,13,0,0,0,0,0,0,0,0,0,0,0,0,0,0,0,0,0,0.0,,,0,0,0,269,5,294,275,0
/home/c2dev/c2_explorer_reproduction/logs/reachability_retry/formal/octa_maze/uav_4/b0_octa_maze_uav4_run_003,octa_maze,4,b0,003,5.0,/home/c2dev/c2_explorer_reproduction/scripts/activate_reachability_retry.sh,false,false,1,1,4,82.17717480659485,2,2,0,1,2,2,5,275,0,520,0.06579344999999999,29,12,0,0,0,0,0,0,0,0,0,0,0,0,0,0,0,0,0,0.0,,,0,0,0,268,6,283,274,0
/home/c2dev/c2_explorer_reproduction/logs/reachability_retry/formal/octa_maze/uav_4/b0_octa_maze_uav4_run_004,octa_maze,4,b0,004,5.0,/home/c2dev/c2_explorer_reproduction/scripts/activate_reachability_retry.sh,false,false,1,1,4,62.838064670562744,3,3,0,1,3,3,5,273,0,493,0.0538081,18,7,0,0,0,0,0,0,0,0,0,0,0,0,0,0,0,0,0,0.0,,,0,0,0,266,5,303,271,0
/home/c2dev/c2_explorer_reproduction/logs/reachability_retry/formal/octa_maze/uav_4/b0_octa_maze_uav4_run_005,octa_maze,4,b0,005,5.0,/home/c2dev/c2_explorer_reproduction/scripts/activate_reachability_retry.sh,false,false,1,1,4,96.25805139541626,0,0,0,0,1,0,4,301,0,564,0.045641,46,21,0,0,0,0,0,0,0,0,0,0,0,0,0,0,0,0,0,0.0,,,0,0,0,282,18,347,300,0
/home/c2dev/c2_explorer_reproduction/logs/reachability_retry/formal/octa_maze/uav_4/b0_octa_maze_uav4_run_006,octa_maze,4,b0,006,5.0,/home/c2dev/c2_explorer_reproduction/scripts/activate_reachability_retry.sh,false,false,1,1,4,74.09289526939392,0,0,0,0,0,0,5,263,0,492,0.07755619999999998,26,11,0,0,0,0,0,0,0,0,0,0,0,0,0,0,0,0,0,0.0,,,0,0,0,261,1,276,263,0
/home/c2dev/c2_explorer_reproduction/logs/reachability_retry/formal/octa_maze/uav_4/b0_octa_maze_uav4_run_007,octa_maze,4,b0,007,5.0,/home/c2dev/c2_explorer_reproduction/scripts/activate_reachability_retry.sh,false,false,1,1,4,107.20398616790771,1,1,0,1,1,1,9,243,0,498,0.14973109999999998,62,31,0,0,0,0,0,0,0,0,0,0,0,0,0,0,0,0,0,0.0,,,0,0,0,231,11,299,242,0
/home/c2dev/c2_explorer_reproduction/logs/reachability_retry/formal/octa_maze/uav_4/b0_octa_maze_uav4_run_008,octa_maze,4,b0,008,5.0,/home/c2dev/c2_explorer_reproduction/scripts/activate_reachability_retry.sh,false,false,1,1,4,75.70579743385315,3,3,0,1,3,3,9,254,0,527,0.1855377499999999,36,15,0,0,0,0,0,0,0,0,0,0,0,0,0,0,0,0,0,0.0,,,0,0,0,247,5,272,252,0
/home/c2dev/c2_explorer_reproduction/logs/reachability_retry/formal/octa_maze/uav_4/b0_octa_maze_uav4_run_009,octa_maze,4,b0,009,5.0,/home/c2dev/c2_explorer_reproduction/scripts/activate_reachability_retry.sh,false,false,1,1,4,80.64370441436768,3,3,0,1,3,3,9,256,0,506,0.11080239999999997,35,15,0,0,0,0,0,0,0,0,0,0,0,0,0,0,0,0,0,0.0,,,0,0,0,247,8,265,255,0
/home/c2dev/c2_explorer_reproduction/logs/reachability_retry/formal/octa_maze/uav_4/b0_octa_maze_uav4_run_010,octa_maze,4,b0,010,5.0,/home/c2dev/c2_explorer_reproduction/scripts/activate_reachability_retry.sh,false,false,1,1,4,76.55809497833252,8,8,0,1,8,8,9,254,0,499,0.076953,41,17,0,0,0,0,0,0,0,0,0,0,0,0,0,0,0,0,0,0.0,,,0,0,0,248,3,274,251,0
/home/c2dev/c2_explorer_reproduction/logs/reachability_retry/formal/octa_maze/uav_4/b0_octa_maze_uav4_run_011,octa_maze,4,b0,011,5.0,/home/c2dev/c2_explorer_reproduction/scripts/activate_reachability_retry.sh,false,false,1,1,4,98.76998233795166,5,5,0,1,5,5,7,264,0,510,0.12441659999999989,38,17,0,0,0,0,0,0,0,0,0,0,0,0,0,0,0,0,0,0.0,,,0,0,0,247,15,293,262,0
/home/c2dev/c2_explorer_reproduction/logs/reachability_retry/formal/octa_maze/uav_4/b0_octa_maze_uav4_run_012,octa_maze,4,b0,012,5.0,/home/c2dev/c2_explorer_reproduction/scripts/activate_reachability_retry.sh,false,false,1,1,4,88.69075465202332,0,0,0,0,0,0,5,265,0,494,0.12105609999999999,56,34,0,0,0,0,0,0,0,0,0,0,0,0,0,0,0,0,0,0.0,,,0,0,0,252,12,286,265,0
/home/c2dev/c2_explorer_reproduction/logs/reachability_retry/formal/octa_maze/uav_4/b0_octa_maze_uav4_run_013,octa_maze,4,b0,013,5.0,/home/c2dev/c2_explorer_reproduction/scripts/activate_reachability_retry.sh,false,false,1,1,4,83.15762686729431,18,18,0,1,18,18,20,241,0,512,0.15673905,37,15,0,0,0,0,0,0,0,0,0,0,0,0,0,0,0,0,0,0.0,,,0,0,0,231,7,267,238,0
/home/c2dev/c2_explorer_reproduction/logs/reachability_retry/formal/octa_maze/uav_4/b1_octa_maze_uav4_run_001,octa_maze,4,b1,001,5.0,/home/c2dev/c2_explorer_reproduction/scripts/activate_reachability_retry.sh,true,false,1,1,4,91.4463722705841,0,0,0,0,0,0,4,254,0,522,0.055886399999999996,34,14,0,0,0,0,0,0,0,0,0,0,0,0,0,0,0,0,0,0.0,,,0,0,0,247,7,274,254,0
/home/c2dev/c2_explorer_reproduction/logs/reachability_retry/formal/octa_maze/uav_4/b1_octa_maze_uav4_run_002,octa_maze,4,b1,002,5.0,/home/c2dev/c2_explorer_reproduction/scripts/activate_reachability_retry.sh,true,false,1,1,4,83.92168354988098,0,0,0,0,0,0,4,276,0,570,0.09129139999999995,61,28,0,0,0,0,0,0,0,0,0,0,0,0,0,0,0,0,0,0.0,,,0,0,0,266,10,316,276,0
/home/c2dev/c2_explorer_reproduction/logs/reachability_retry/formal/octa_maze/uav_4/b1_octa_maze_uav4_run_003,octa_maze,4,b1,003,5.0,/home/c2dev/c2_explorer_reproduction/scripts/activate_reachability_retry.sh,true,false,1,1,4,82.74968957901001,0,0,0,0,0,0,4,270,0,541,0.14294179999999973,34,14,0,0,0,0,0,0,0,0,0,0,0,0,0,0,0,0,0,0.0,,,0,0,0,264,6,287,270,0
/home/c2dev/c2_explorer_reproduction/logs/reachability_retry/formal/octa_maze/uav_4/b1_octa_maze_uav4_run_004,octa_maze,4,b1,004,5.0,/home/c2dev/c2_explorer_reproduction/scripts/activate_reachability_retry.sh,true,false,1,1,4,81.91877746582031,0,0,0,0,0,0,4,233,0,486,0.11266324999999999,36,14,0,0,0,0,0,0,0,0,0,0,0,0,0,0,0,0,0,0.0,,,0,0,0,226,7,238,233,0
/home/c2dev/c2_explorer_reproduction/logs/reachability_retry/formal/octa_maze/uav_4/b1_octa_maze_uav4_run_005,octa_maze,4,b1,005,5.0,/home/c2dev/c2_explorer_reproduction/scripts/activate_reachability_retry.sh,true,false,1,1,4,79.45366048812866,0,0,0,0,0,0,4,330,0,621,0.06189085,27,12,0,0,0,0,0,0,0,0,0,0,0,0,0,0,0,0,0,0.0,,,0,0,0,320,10,375,330,0
/home/c2dev/c2_explorer_reproduction/logs/reachability_retry/formal/octa_maze/uav_4/b1_octa_maze_uav4_run_006,octa_maze,4,b1,006,5.0,/home/c2dev/c2_explorer_reproduction/scripts/activate_reachability_retry.sh,true,false,1,1,4,75.22913599014282,0,0,0,0,0,0,5,305,0,570,0.049272949999999996,28,12,0,0,0,0,0,0,0,0,0,0,0,0,0,0,0,0,0,0.0,,,0,0,0,297,7,316,305,0
/home/c2dev/c2_explorer_reproduction/logs/reachability_retry/formal/octa_maze/uav_4/b1_octa_maze_uav4_run_007,octa_maze,4,b1,007,5.0,/home/c2dev/c2_explorer_reproduction/scripts/activate_reachability_retry.sh,true,false,1,1,4,74.3610987663269,0,0,0,0,0,0,4,334,0,573,0.06559675000000001,16,6,0,0,0,0,0,0,0,0,0,0,0,0,0,0,0,0,0,0.0,,,0,0,0,322,11,353,334,0
/home/c2dev/c2_explorer_reproduction/logs/reachability_retry/formal/octa_maze/uav_4/b1_octa_maze_uav4_run_008,octa_maze,4,b1,008,5.0,/home/c2dev/c2_explorer_reproduction/scripts/activate_reachability_retry.sh,true,false,1,1,4,63.88904619216919,3,3,0,1,3,3,6,251,0,486,0.0608969,35,15,0,0,0,0,0,0,0,0,0,0,0,0,0,0,0,0,0,0.0,,,3,0,0,246,4,302,250,0
/home/c2dev/c2_explorer_reproduction/logs/reachability_retry/formal/octa_maze/uav_4/b1_octa_maze_uav4_run_009,octa_maze,4,b1,009,5.0,/home/c2dev/c2_explorer_reproduction/scripts/activate_reachability_retry.sh,true,false,1,1,4,68.27523016929626,0,0,0,0,0,0,4,310,0,559,0.05759765,30,12,0,0,0,0,0,0,0,0,0,0,0,0,0,0,0,0,0,0.0,,,0,0,0,304,6,339,310,0
/home/c2dev/c2_explorer_reproduction/logs/reachability_retry/formal/octa_maze/uav_4/b1_octa_maze_uav4_run_010,octa_maze,4,b1,010,5.0,/home/c2dev/c2_explorer_reproduction/scripts/activate_reachability_retry.sh,true,false,1,1,4,71.22560238838196,0,0,0,0,0,0,4,287,0,559,0.09611859999999997,26,10,0,0,0,0,0,0,0,0,0,0,0,0,0,0,0,0,0,0.0,,,0,0,0,275,12,315,287,0
/home/c2dev/c2_explorer_reproduction/logs/reachability_retry/formal/octa_maze/uav_4/b1_octa_maze_uav4_run_011,octa_maze,4,b1,011,5.0,/home/c2dev/c2_explorer_reproduction/scripts/activate_reachability_retry.sh,true,false,1,1,4,76.42569732666016,0,0,0,0,0,0,6,331,0,627,0.05956919999999999,30,12,0,0,0,0,0,0,0,0,0,0,0,0,0,0,0,0,0,0.0,,,0,0,0,318,13,345,331,0
/home/c2dev/c2_explorer_reproduction/logs/reachability_retry/formal/octa_maze/uav_4/b1_octa_maze_uav4_run_012,octa_maze,4,b1,012,5.0,/home/c2dev/c2_explorer_reproduction/scripts/activate_reachability_retry.sh,true,false,1,1,4,70.23073863983154,0,0,0,0,0,0,4,303,0,553,0.052526699999999996,30,12,0,0,0,0,0,0,0,0,0,0,0,0,0,0,0,0,0,0.0,,,0,0,0,296,7,340,303,0
/home/c2dev/c2_explorer_reproduction/logs/reachability_retry/formal/octa_maze/uav_4/b1_octa_maze_uav4_run_013,octa_maze,4,b1,013,5.0,/home/c2dev/c2_explorer_reproduction/scripts/activate_reachability_retry.sh,true,false,1,1,4,89.42676639556885,0,0,0,0,0,0,5,311,0,523,0.048894549999999995,30,13,0,0,0,0,0,0,0,0,0,0,0,0,0,0,0,0,0,0.0,,,0,0,0,301,10,332,311,0
/home/c2dev/c2_explorer_reproduction/logs/reachability_retry/formal/octa_maze/uav_4/b2_octa_maze_uav4_run_001,octa_maze,4,b2,001,5.0,/home/c2dev/c2_explorer_reproduction/scripts/activate_reachability_retry.sh,true,false,1,1,4,68.87678623199463,0,0,0,0,0,0,4,266,0,498,0.0714189,21,8,0,0,0,0,0,0,0,0,0,0,0,0,0,0,0,0,0,0.0,,,0,0,0,258,8,291,266,0
/home/c2dev/c2_explorer_reproduction/logs/reachability_retry/formal/octa_maze/uav_4/b2_octa_maze_uav4_run_002,octa_maze,4,b2,002,5.0,/home/c2dev/c2_explorer_reproduction/scripts/activate_reachability_retry.sh,true,false,1,1,4,92.0395438671112,0,0,0,0,0,0,8,308,0,647,0.071929,51,22,0,0,0,0,0,0,0,0,0,0,0,0,0,0,0,0,0,0.0,,,0,0,0,295,13,331,308,0
/home/c2dev/c2_explorer_reproduction/logs/reachability_retry/formal/octa_maze/uav_4/b2_octa_maze_uav4_run_003,octa_maze,4,b2,003,5.0,/home/c2dev/c2_explorer_reproduction/scripts/activate_reachability_retry.sh,true,false,1,1,4,109.89486026763916,3,3,0,1,3,3,9,385,0,720,0.05963759999999999,45,17,0,0,0,0,0,0,0,0,0,0,0,0,0,9,0,0,0,0.0,,,3,0,0,374,10,459,384,0
/home/c2dev/c2_explorer_reproduction/logs/reachability_retry/formal/octa_maze/uav_4/b2_octa_maze_uav4_run_004,octa_maze,4,b2,004,5.0,/home/c2dev/c2_explorer_reproduction/scripts/activate_reachability_retry.sh,true,false,1,1,4,90.77208495140076,0,0,0,0,0,0,4,283,0,549,0.06897885,31,12,0,0,0,0,0,0,0,0,0,0,0,0,0,0,0,0,0,0.0,,,0,0,0,277,6,300,283,0
/home/c2dev/c2_explorer_reproduction/logs/reachability_retry/formal/octa_maze/uav_4/b2_octa_maze_uav4_run_005,octa_maze,4,b2,005,5.0,/home/c2dev/c2_explorer_reproduction/scripts/activate_reachability_retry.sh,true,false,1,1,4,71.29345202445984,0,0,0,0,0,0,4,311,0,561,0.04980465,20,8,0,0,0,0,0,0,0,0,0,0,0,0,0,0,0,0,0,0.0,,,0,0,0,301,10,332,311,0
/home/c2dev/c2_explorer_reproduction/logs/reachability_retry/formal/octa_maze/uav_4/b2_octa_maze_uav4_run_006,octa_maze,4,b2,006,5.0,/home/c2dev/c2_explorer_reproduction/scripts/activate_reachability_retry.sh,true,false,1,1,4,75.23714470863342,0,0,0,0,0,0,4,328,0,613,0.04649939999999999,31,13,0,0,0,0,0,0,0,0,0,0,0,0,0,0,0,0,0,0.0,,,0,0,0,319,9,371,328,0
/home/c2dev/c2_explorer_reproduction/logs/reachability_retry/formal/octa_maze/uav_4/b2_octa_maze_uav4_run_007,octa_maze,4,b2,007,5.0,/home/c2dev/c2_explorer_reproduction/scripts/activate_reachability_retry.sh,true,false,1,1,4,65.92152714729309,0,0,0,0,0,0,5,300,0,566,0.047886399999999996,23,9,0,0,0,0,0,0,0,0,0,0,0,0,0,0,0,0,0,0.0,,,0,0,0,296,4,328,300,0
/home/c2dev/c2_explorer_reproduction/logs/reachability_retry/formal/octa_maze/uav_4/b2_octa_maze_uav4_run_008,octa_maze,4,b2,008,5.0,/home/c2dev/c2_explorer_reproduction/scripts/activate_reachability_retry.sh,true,false,1,1,4,94.89927005767822,0,0,0,0,0,0,10,361,0,691,0.06194279999999997,54,30,0,0,0,0,0,0,0,0,0,0,0,0,0,0,0,0,0,0.0,,,0,0,0,335,26,408,361,0
/home/c2dev/c2_explorer_reproduction/logs/reachability_retry/formal/octa_maze/uav_4/b2_octa_maze_uav4_run_009,octa_maze,4,b2,009,5.0,/home/c2dev/c2_explorer_reproduction/scripts/activate_reachability_retry.sh,true,false,1,1,4,82.99255871772766,0,0,0,0,0,0,4,329,0,587,0.045144449999999996,28,12,0,0,0,0,0,0,0,0,0,0,0,0,0,0,0,0,0,0.0,,,0,0,0,322,7,365,329,0
/home/c2dev/c2_explorer_reproduction/logs/reachability_retry/formal/octa_maze/uav_4/b2_octa_maze_uav4_run_010,octa_maze,4,b2,010,5.0,/home/c2dev/c2_explorer_reproduction/scripts/activate_reachability_retry.sh,true,false,1,1,4,80.73855781555176,0,0,0,0,0,0,10,349,0,633,0.04531605,55,29,0,0,0,0,0,0,0,0,0,0,0,0,0,0,0,0,0,0.0,,,0,0,0,344,5,394,350,0
/home/c2dev/c2_explorer_reproduction/logs/reachability_retry/formal/octa_maze/uav_4/b2_octa_maze_uav4_run_011,octa_maze,4,b2,011,5.0,/home/c2dev/c2_explorer_reproduction/scripts/activate_reachability_retry.sh,true,false,1,1,4,87.63493824005127,0,0,0,0,0,0,4,330,0,611,0.05224845000000001,45,20,0,0,0,0,0,0,0,0,0,0,0,0,0,0,0,0,0,0.0,,,0,0,0,309,21,387,330,0
/home/c2dev/c2_explorer_reproduction/logs/reachability_retry/formal/octa_maze/uav_4/b2_octa_maze_uav4_run_012,octa_maze,4,b2,012,5.0,/home/c2dev/c2_explorer_reproduction/scripts/activate_reachability_retry.sh,true,false,1,1,4,61.811635971069336,0,0,0,0,0,0,4,276,0,506,0.0509816,19,7,0,0,0,0,0,0,0,0,0,0,0,0,0,0,0,0,0,0.0,,,0,0,0,269,7,295,276,0
/home/c2dev/c2_explorer_reproduction/logs/reachability_retry/formal/octa_maze/uav_4/b2_octa_maze_uav4_run_013,octa_maze,4,b2,013,5.0,/home/c2dev/c2_explorer_reproduction/scripts/activate_reachability_retry.sh,true,false,1,1,4,86.27396702766418,10,10,0,1,10,10,14,365,0,640,0.05308129999999999,29,12,0,0,0,0,0,0,0,0,0,0,0,0,0,30,0,0,0,0.0,,,10,0,0,360,4,388,364,0
/home/c2dev/c2_explorer_reproduction/logs/reachability_retry/formal/octa_maze/uav_4/b3_octa_maze_uav4_run_001,octa_maze,4,b3,001,5.0,/home/c2dev/c2_explorer_reproduction/scripts/activate_reachability_retry.sh,true,true,1,1,4,71.50942707061768,0,0,0,0,0,0,4,280,0,529,0.06085545,34,15,0,0,0,0,0,0,0,0,0,0,0,0,0,0,0,0,0,0.0,,,0,0,0,272,7,304,280,0
/home/c2dev/c2_explorer_reproduction/logs/reachability_retry/formal/octa_maze/uav_4/b3_octa_maze_uav4_run_002,octa_maze,4,b3,002,5.0,/home/c2dev/c2_explorer_reproduction/scripts/activate_reachability_retry.sh,true,true,1,1,4,71.31810927391052,0,0,0,0,0,0,5,311,0,576,0.06905374999999997,41,18,0,0,0,0,0,0,0,0,0,0,0,0,0,0,0,0,0,0.0,,,0,0,0,308,3,342,311,0
/home/c2dev/c2_explorer_reproduction/logs/reachability_retry/formal/octa_maze/uav_4/b3_octa_maze_uav4_run_003,octa_maze,4,b3,003,5.0,/home/c2dev/c2_explorer_reproduction/scripts/activate_reachability_retry.sh,true,true,1,1,4,85.9700767993927,0,0,0,0,0,0,5,312,0,555,0.0695988,36,16,0,0,0,0,0,0,0,0,0,0,0,0,0,0,0,0,0,0.0,,,0,0,0,301,10,346,312,0
/home/c2dev/c2_explorer_reproduction/logs/reachability_retry/formal/octa_maze/uav_4/b3_octa_maze_uav4_run_004,octa_maze,4,b3,004,5.0,/home/c2dev/c2_explorer_reproduction/scripts/activate_reachability_retry.sh,true,true,1,1,4,58.764551401138306,0,0,0,0,0,0,5,260,0,456,0.047069549999999995,30,12,0,0,0,0,0,0,0,0,0,0,0,0,0,0,0,0,0,0.0,,,0,0,0,254,6,283,260,0
/home/c2dev/c2_explorer_reproduction/logs/reachability_retry/formal/octa_maze/uav_4/b3_octa_maze_uav4_run_005,octa_maze,4,b3,005,5.0,/home/c2dev/c2_explorer_reproduction/scripts/activate_reachability_retry.sh,true,true,1,1,4,81.31086587905884,0,0,0,0,0,0,6,334,0,590,0.0553838,27,13,0,0,0,0,0,0,0,0,0,0,0,0,0,0,0,0,0,0.0,,,0,0,0,329,5,376,334,0
/home/c2dev/c2_explorer_reproduction/logs/reachability_retry/formal/octa_maze/uav_4/b3_octa_maze_uav4_run_006,octa_maze,4,b3,006,5.0,/home/c2dev/c2_explorer_reproduction/scripts/activate_reachability_retry.sh,true,true,1,1,4,73.82122039794922,0,0,0,0,0,0,4,324,0,581,0.05747289999999999,30,13,0,0,0,0,0,0,0,0,0,0,0,0,0,0,0,0,0,0.0,,,0,0,0,317,7,350,324,0
/home/c2dev/c2_explorer_reproduction/logs/reachability_retry/formal/octa_maze/uav_4/b3_octa_maze_uav4_run_007,octa_maze,4,b3,007,5.0,/home/c2dev/c2_explorer_reproduction/scripts/activate_reachability_retry.sh,true,true,1,1,4,76.94457411766052,0,0,0,0,0,0,4,328,0,628,0.05904159999999997,31,13,0,0,0,0,0,0,0,0,0,0,0,0,0,0,0,0,0,0.0,,,0,0,0,322,6,348,328,0
/home/c2dev/c2_explorer_reproduction/logs/reachability_retry/formal/octa_maze/uav_4/b3_octa_maze_uav4_run_008,octa_maze,4,b3,008,5.0,/home/c2dev/c2_explorer_reproduction/scripts/activate_reachability_retry.sh,true,true,1,1,4,77.36483693122864,0,0,0,0,0,0,4,322,0,607,0.05006815,35,14,0,0,0,0,0,0,0,0,0,0,0,0,0,0,0,0,0,0.0,,,0,0,0,317,5,340,322,0
/home/c2dev/c2_explorer_reproduction/logs/reachability_retry/formal/octa_maze/uav_4/b3_octa_maze_uav4_run_009,octa_maze,4,b3,009,5.0,/home/c2dev/c2_explorer_reproduction/scripts/activate_reachability_retry.sh,true,true,1,1,4,71.90785479545593,0,0,0,0,0,0,6,333,0,608,0.0702587,33,15,0,0,0,0,0,0,0,0,0,0,0,0,0,0,0,0,0,0.0,,,0,0,0,327,6,367,333,0
/home/c2dev/c2_explorer_reproduction/logs/reachability_retry/formal/octa_maze/uav_4/b3_octa_maze_uav4_run_010,octa_maze,4,b3,010,5.0,/home/c2dev/c2_explorer_reproduction/scripts/activate_reachability_retry.sh,true,true,1,1,4,75.09321141242981,8,8,0,1,8,8,15,325,0,607,0.038249649999999996,29,12,5,5,2,0,2,7,28,5,2,0,0,0,0,15,5,5,5,1.803124189376831,0.3173403739929199,0.577937889099121,8,1,3,320,3,361,323,0
/home/c2dev/c2_explorer_reproduction/logs/reachability_retry/formal/octa_maze/uav_4/b3_octa_maze_uav4_run_011,octa_maze,4,b3,011,5.0,/home/c2dev/c2_explorer_reproduction/scripts/activate_reachability_retry.sh,true,true,1,1,4,82.71819949150085,2,2,0,1,2,2,8,317,0,622,0.06065580000000001,45,20,2,2,2,0,2,4,16,2,2,0,0,0,0,6,2,2,2,0.6532003879547119,0.32660019397735596,0.3733685851097107,2,0,0,303,11,352,316,0
/home/c2dev/c2_explorer_reproduction/logs/reachability_retry/formal/octa_maze/uav_4/b3_octa_maze_uav4_run_012,octa_maze,4,b3,012,5.0,/home/c2dev/c2_explorer_reproduction/scripts/activate_reachability_retry.sh,true,true,1,1,4,74.95754885673523,0,0,0,0,0,0,5,324,0,621,0.053247199999999974,30,13,0,0,0,0,0,0,0,0,0,0,0,0,0,0,0,0,0,0.0,,,0,0,0,314,10,369,324,0
/home/c2dev/c2_explorer_reproduction/logs/reachability_retry/formal/octa_maze/uav_4/b3_octa_maze_uav4_run_013,octa_maze,4,b3,013,5.0,/home/c2dev/c2_explorer_reproduction/scripts/activate_reachability_retry.sh,true,true,1,1,4,74.80049467086792,0,0,0,0,0,0,7,296,0,524,0.04888064999999999,38,21,0,0,0,0,0,0,0,0,0,0,0,0,0,0,0,0,0,0.0,,,0,0,0,294,2,334,296,0
/home/c2dev/c2_explorer_reproduction/logs/reachability_retry/formal/open_plan_office/uav_3/b0_open_plan_office_uav3_run_001,open_plan_office,3,b0,001,5.0,/home/c2dev/c2_explorer_reproduction/scripts/activate_reachability_retry.sh,false,false,1,1,3,60.86946773529053,51,51,1,51,52,51,55,193,0,424,0.06662024999999999,14,6,0,0,0,0,0,0,0,0,0,0,0,0,0,0,0,0,0,0.0,,,0,0,0,186,5,198,193,0
/home/c2dev/c2_explorer_reproduction/logs/reachability_retry/formal/open_plan_office/uav_3/b0_open_plan_office_uav3_run_002,open_plan_office,3,b0,002,5.0,/home/c2dev/c2_explorer_reproduction/scripts/activate_reachability_retry.sh,false,false,1,0,2,61.64750337600708,597,597,2,587,597,597,599,137,0,1418,0.031208,14,6,0,0,0,0,0,0,0,0,0,0,0,0,0,0,0,0,0,0.0,,,0,0,0,129,8,144,137,0
/home/c2dev/c2_explorer_reproduction/logs/reachability_retry/formal/open_plan_office/uav_3/b0_open_plan_office_uav3_run_003,open_plan_office,3,b0,003,5.0,/home/c2dev/c2_explorer_reproduction/scripts/activate_reachability_retry.sh,false,false,1,0,2,66.02705430984497,613,613,1,613,613,614,615,153,0,1493,0.0264502,12,5,0,0,0,0,0,0,0,0,0,0,0,0,0,0,0,0,0,0.0,,,0,0,0,146,7,157,153,0
/home/c2dev/c2_explorer_reproduction/logs/reachability_retry/formal/open_plan_office/uav_3/b0_open_plan_office_uav3_run_004,open_plan_office,3,b0,004,5.0,/home/c2dev/c2_explorer_reproduction/scripts/activate_reachability_retry.sh,false,false,1,0,2,60.77503752708435,647,647,2,639,647,647,649,127,0,1537,0.05063899999999999,13,5,0,0,0,0,0,0,0,0,0,0,0,0,0,0,0,0,0,0.0,,,0,0,0,119,8,128,127,0
/home/c2dev/c2_explorer_reproduction/logs/reachability_retry/formal/open_plan_office/uav_3/b0_open_plan_office_uav3_run_005,open_plan_office,3,b0,005,5.0,/home/c2dev/c2_explorer_reproduction/scripts/activate_reachability_retry.sh,false,false,1,1,3,61.36174559593201,9,9,1,9,9,9,12,195,0,381,0.039421399999999995,13,5,0,0,0,0,0,0,0,0,0,0,0,0,0,0,0,0,0,0.0,,,0,0,0,185,10,203,195,0
/home/c2dev/c2_explorer_reproduction/logs/reachability_retry/formal/open_plan_office/uav_3/b0_open_plan_office_uav3_run_006,open_plan_office,3,b0,006,5.0,/home/c2dev/c2_explorer_reproduction/scripts/activate_reachability_retry.sh,false,false,1,1,3,68.59023642539978,22,22,1,22,22,22,25,199,0,386,0.01996475,14,6,0,0,0,0,0,0,0,0,0,0,0,0,0,0,0,0,0,0.0,,,0,0,0,187,12,210,199,0
/home/c2dev/c2_explorer_reproduction/logs/reachability_retry/formal/open_plan_office/uav_3/b0_open_plan_office_uav3_run_007,open_plan_office,3,b0,007,5.0,/home/c2dev/c2_explorer_reproduction/scripts/activate_reachability_retry.sh,false,false,1,0,2,59.969003438949585,702,702,1,702,702,702,704,144,0,1650,0.020399,12,5,0,0,0,0,0,0,0,0,0,0,0,0,0,0,0,0,0,0.0,,,0,0,0,137,7,155,144,0
/home/c2dev/c2_explorer_reproduction/logs/reachability_retry/formal/open_plan_office/uav_3/b0_open_plan_office_uav3_run_008,open_plan_office,3,b0,008,5.0,/home/c2dev/c2_explorer_reproduction/scripts/activate_reachability_retry.sh,false,false,1,1,3,57.58938813209534,14,14,1,13,14,14,19,199,0,387,0.028213199999999997,14,7,0,0,0,0,0,0,0,0,0,0,0,0,0,0,0,0,0,0.0,,,0,0,0,189,10,202,199,0
/home/c2dev/c2_explorer_reproduction/logs/reachability_retry/formal/open_plan_office/uav_3/b0_open_plan_office_uav3_run_009,open_plan_office,3,b0,009,5.0,/home/c2dev/c2_explorer_reproduction/scripts/activate_reachability_retry.sh,false,false,1,1,3,65.28798627853394,14,14,1,14,14,14,18,222,0,423,0.02737979999999999,17,8,0,0,0,0,0,0,0,0,0,0,0,0,0,0,0,0,0,0.0,,,0,0,0,204,18,232,222,0
/home/c2dev/c2_explorer_reproduction/logs/reachability_retry/formal/open_plan_office/uav_3/b0_open_plan_office_uav3_run_010,open_plan_office,3,b0,010,5.0,/home/c2dev/c2_explorer_reproduction/scripts/activate_reachability_retry.sh,false,false,1,1,3,59.89875507354736,15,15,1,15,15,15,18,205,0,417,0.02711625,26,12,0,0,0,0,0,0,0,0,0,0,0,0,0,0,0,0,0,0.0,,,0,0,0,196,8,210,205,0
/home/c2dev/c2_explorer_reproduction/logs/reachability_retry/formal/open_plan_office/uav_3/b0_open_plan_office_uav3_run_011,open_plan_office,3,b0,011,5.0,/home/c2dev/c2_explorer_reproduction/scripts/activate_reachability_retry.sh,false,false,1,0,2,59.0007643699646,699,699,1,699,699,699,701,152,0,1663,0.028776799999999998,12,5,0,0,0,0,0,0,0,0,0,0,0,0,0,0,0,0,0,0.0,,,0,0,0,146,6,162,152,0
/home/c2dev/c2_explorer_reproduction/logs/reachability_retry/formal/open_plan_office/uav_3/b0_open_plan_office_uav3_run_012,open_plan_office,3,b0,012,5.0,/home/c2dev/c2_explorer_reproduction/scripts/activate_reachability_retry.sh,false,false,1,0,2,51.211543560028076,693,693,2,684,693,693,695,128,0,1625,0.0348596,12,5,0,0,0,0,0,0,0,0,0,0,0,0,0,0,0,0,0,0.0,,,0,0,0,121,7,139,128,0
/home/c2dev/c2_explorer_reproduction/logs/reachability_retry/formal/open_plan_office/uav_3/b0_open_plan_office_uav3_run_013,open_plan_office,3,b0,013,5.0,/home/c2dev/c2_explorer_reproduction/scripts/activate_reachability_retry.sh,false,false,1,1,3,65.88673305511475,5,5,1,5,5,5,8,197,0,346,0.02905455,11,5,0,0,0,0,0,0,0,0,0,0,0,0,0,0,0,0,0,0.0,,,0,0,0,188,9,214,197,0
/home/c2dev/c2_explorer_reproduction/logs/reachability_retry/formal/open_plan_office/uav_3/b1_open_plan_office_uav3_run_001,open_plan_office,3,b1,001,5.0,/home/c2dev/c2_explorer_reproduction/scripts/activate_reachability_retry.sh,true,false,1,1,3,54.741745948791504,2,2,1,2,2,2,8,193,0,346,0.03716,15,7,0,0,0,0,0,0,0,0,0,0,0,0,0,0,0,0,0,0.0,,,2,0,0,184,9,200,193,0
/home/c2dev/c2_explorer_reproduction/logs/reachability_retry/formal/open_plan_office/uav_3/b1_open_plan_office_uav3_run_002,open_plan_office,3,b1,002,5.0,/home/c2dev/c2_explorer_reproduction/scripts/activate_reachability_retry.sh,true,false,1,1,3,51.37823295593262,9,9,3,3,9,9,12,124,0,263,0.025397700000000002,9,3,0,0,0,0,0,0,0,0,0,0,0,0,0,0,0,0,0,0.0,,,9,12,0,117,7,127,124,0
/home/c2dev/c2_explorer_reproduction/logs/reachability_retry/formal/open_plan_office/uav_3/b1_open_plan_office_uav3_run_003,open_plan_office,3,b1,003,5.0,/home/c2dev/c2_explorer_reproduction/scripts/activate_reachability_retry.sh,true,false,1,1,3,55.14697813987732,0,0,0,0,0,0,4,173,0,319,0.07966479999999995,17,7,0,0,0,0,0,0,0,0,0,0,0,0,0,0,0,0,0,0.0,,,0,0,0,168,5,178,173,0
/home/c2dev/c2_explorer_reproduction/logs/reachability_retry/formal/open_plan_office/uav_3/b1_open_plan_office_uav3_run_004,open_plan_office,3,b1,004,5.0,/home/c2dev/c2_explorer_reproduction/scripts/activate_reachability_retry.sh,true,false,1,1,3,60.87884283065796,3,3,1,3,3,3,6,205,0,391,0.0225682,8,3,0,0,0,0,0,0,0,0,0,0,0,0,0,0,0,0,0,0.0,,,3,4,0,194,11,218,205,0
/home/c2dev/c2_explorer_reproduction/logs/reachability_retry/formal/open_plan_office/uav_3/b1_open_plan_office_uav3_run_005,open_plan_office,3,b1,005,5.0,/home/c2dev/c2_explorer_reproduction/scripts/activate_reachability_retry.sh,true,false,1,1,3,58.799062967300415,3,3,1,3,3,3,6,214,0,375,0.024019,14,6,0,0,0,0,0,0,0,0,0,0,0,0,0,0,0,0,0,0.0,,,3,1,0,204,10,221,214,0
/home/c2dev/c2_explorer_reproduction/logs/reachability_retry/formal/open_plan_office/uav_3/b1_open_plan_office_uav3_run_006,open_plan_office,3,b1,006,5.0,/home/c2dev/c2_explorer_reproduction/scripts/activate_reachability_retry.sh,true,false,1,1,3,57.51475238800049,3,3,1,3,3,3,6,199,0,373,0.024537,6,2,0,0,0,0,0,0,0,0,0,0,0,0,0,0,0,0,0,0.0,,,3,1,0,189,9,209,199,0
/home/c2dev/c2_explorer_reproduction/logs/reachability_retry/formal/open_plan_office/uav_3/b1_open_plan_office_uav3_run_007,open_plan_office,3,b1,007,5.0,/home/c2dev/c2_explorer_reproduction/scripts/activate_reachability_retry.sh,true,false,1,1,3,59.202632427215576,3,3,1,3,3,3,6,205,0,384,0.0236801,6,2,0,0,0,0,0,0,0,0,0,0,0,0,0,0,0,0,0,0.0,,,3,3,0,195,10,212,205,0
/home/c2dev/c2_explorer_reproduction/logs/reachability_retry/formal/open_plan_office/uav_3/b1_open_plan_office_uav3_run_008,open_plan_office,3,b1,008,5.0,/home/c2dev/c2_explorer_reproduction/scripts/activate_reachability_retry.sh,true,false,1,1,3,52.21534514427185,9,9,3,3,9,9,12,180,0,349,0.031037099999999998,10,4,0,0,0,0,0,0,0,0,0,0,0,0,0,0,0,0,0,0.0,,,9,13,0,173,7,182,180,0
/home/c2dev/c2_explorer_reproduction/logs/reachability_retry/formal/open_plan_office/uav_3/b1_open_plan_office_uav3_run_009,open_plan_office,3,b1,009,5.0,/home/c2dev/c2_explorer_reproduction/scripts/activate_reachability_retry.sh,true,false,1,1,3,59.315762758255005,3,3,1,3,3,3,6,193,0,365,0.028289,9,3,0,0,0,0,0,0,0,0,0,0,0,0,0,0,0,0,0,0.0,,,3,2,0,184,9,197,193,0
/home/c2dev/c2_explorer_reproduction/logs/reachability_retry/formal/open_plan_office/uav_3/b1_open_plan_office_uav3_run_010,open_plan_office,3,b1,010,5.0,/home/c2dev/c2_explorer_reproduction/scripts/activate_reachability_retry.sh,true,false,1,1,3,58.35457754135132,17,17,1,3,17,17,19,204,0,412,0.02666375,6,2,0,0,0,0,0,0,0,0,0,0,0,0,0,0,0,0,0,0.0,,,17,18,0,189,13,209,203,0
/home/c2dev/c2_explorer_reproduction/logs/reachability_retry/formal/open_plan_office/uav_3/b1_open_plan_office_uav3_run_011,open_plan_office,3,b1,011,5.0,/home/c2dev/c2_explorer_reproduction/scripts/activate_reachability_retry.sh,true,false,1,1,3,57.55116868019104,3,3,1,3,3,3,6,196,0,365,0.0270112,8,3,0,0,0,0,0,0,0,0,0,0,0,0,0,0,0,0,0,0.0,,,3,2,0,189,7,201,196,0
/home/c2dev/c2_explorer_reproduction/logs/reachability_retry/formal/open_plan_office/uav_3/b1_open_plan_office_uav3_run_012,open_plan_office,3,b1,012,5.0,/home/c2dev/c2_explorer_reproduction/scripts/activate_reachability_retry.sh,true,false,1,1,3,60.22120928764343,3,3,1,3,3,3,8,198,0,349,0.032864149999999995,22,11,0,0,0,0,0,0,0,0,0,0,0,0,0,0,0,0,0,0.0,,,3,2,0,186,12,205,198,0
/home/c2dev/c2_explorer_reproduction/logs/reachability_retry/formal/open_plan_office/uav_3/b1_open_plan_office_uav3_run_013,open_plan_office,3,b1,013,5.0,/home/c2dev/c2_explorer_reproduction/scripts/activate_reachability_retry.sh,true,false,1,1,3,61.97087264060974,3,3,1,3,3,3,6,203,0,368,0.0292492,9,3,0,0,0,0,0,0,0,0,0,0,0,0,0,0,0,0,0,0.0,,,3,0,0,193,10,208,203,0
/home/c2dev/c2_explorer_reproduction/logs/reachability_retry/formal/open_plan_office/uav_3/b2_open_plan_office_uav3_run_001,open_plan_office,3,b2,001,5.0,/home/c2dev/c2_explorer_reproduction/scripts/activate_reachability_retry.sh,true,false,1,1,3,62.32175660133362,3,3,1,3,3,3,6,182,0,350,0.0306823,9,3,0,0,0,0,0,0,0,0,0,0,0,0,0,6,0,0,0,0.0,,,3,2,0,172,10,215,182,0
/home/c2dev/c2_explorer_reproduction/logs/reachability_retry/formal/open_plan_office/uav_3/b2_open_plan_office_uav3_run_002,open_plan_office,3,b2,002,5.0,/home/c2dev/c2_explorer_reproduction/scripts/activate_reachability_retry.sh,true,false,1,1,3,59.04926562309265,6,6,2,3,6,6,10,185,0,321,0.052146399999999975,17,7,0,0,0,0,0,0,0,0,0,0,0,0,0,12,0,0,0,0.0,,,6,5,0,173,12,194,185,0
/home/c2dev/c2_explorer_reproduction/logs/reachability_retry/formal/open_plan_office/uav_3/b2_open_plan_office_uav3_run_003,open_plan_office,3,b2,003,5.0,/home/c2dev/c2_explorer_reproduction/scripts/activate_reachability_retry.sh,true,false,1,1,3,57.61896896362305,3,3,1,3,3,3,7,189,0,352,0.030992600000000002,21,13,0,0,0,0,0,0,0,0,0,0,0,0,0,6,0,0,0,0.0,,,3,1,0,180,9,197,189,0
/home/c2dev/c2_explorer_reproduction/logs/reachability_retry/formal/open_plan_office/uav_3/b2_open_plan_office_uav3_run_004,open_plan_office,3,b2,004,5.0,/home/c2dev/c2_explorer_reproduction/scripts/activate_reachability_retry.sh,true,false,1,1,3,57.0461368560791,3,3,1,3,3,3,6,207,0,372,0.0252695,8,3,0,0,0,0,0,0,0,0,0,0,0,0,0,6,0,0,0,0.0,,,3,3,0,199,8,216,207,0
/home/c2dev/c2_explorer_reproduction/logs/reachability_retry/formal/open_plan_office/uav_3/b2_open_plan_office_uav3_run_005,open_plan_office,3,b2,005,5.0,/home/c2dev/c2_explorer_reproduction/scripts/activate_reachability_retry.sh,true,false,1,1,3,64.51721906661987,3,3,1,3,3,3,6,208,0,396,0.03753965,11,4,0,0,0,0,0,0,0,0,0,0,0,0,0,6,0,0,0,0.0,,,3,1,0,197,11,215,208,0
/home/c2dev/c2_explorer_reproduction/logs/reachability_retry/formal/open_plan_office/uav_3/b2_open_plan_office_uav3_run_006,open_plan_office,3,b2,006,5.0,/home/c2dev/c2_explorer_reproduction/scripts/activate_reachability_retry.sh,true,false,1,1,3,66.72140073776245,3,3,1,3,3,3,6,193,0,361,0.04840599999999999,11,4,0,0,0,0,0,0,0,0,0,0,0,0,0,6,0,0,0,0.0,,,3,3,0,181,12,202,193,0
/home/c2dev/c2_explorer_reproduction/logs/reachability_retry/formal/open_plan_office/uav_3/b2_open_plan_office_uav3_run_007,open_plan_office,3,b2,007,5.0,/home/c2dev/c2_explorer_reproduction/scripts/activate_reachability_retry.sh,true,false,1,1,3,93.19673252105713,3,3,1,3,3,3,6,242,0,427,0.0404932,27,13,0,0,0,0,0,0,0,0,0,0,0,0,0,6,0,0,0,0.0,,,3,2,0,226,16,259,242,0
/home/c2dev/c2_explorer_reproduction/logs/reachability_retry/formal/open_plan_office/uav_3/b2_open_plan_office_uav3_run_008,open_plan_office,3,b2,008,5.0,/home/c2dev/c2_explorer_reproduction/scripts/activate_reachability_retry.sh,true,false,1,1,3,65.93296885490417,2,2,1,2,2,2,4,220,0,364,0.04292875,17,8,0,0,0,0,0,0,0,0,0,0,0,0,0,4,0,0,0,0.0,,,2,0,0,206,14,227,221,0
/home/c2dev/c2_explorer_reproduction/logs/reachability_retry/formal/open_plan_office/uav_3/b2_open_plan_office_uav3_run_009,open_plan_office,3,b2,009,5.0,/home/c2dev/c2_explorer_reproduction/scripts/activate_reachability_retry.sh,true,false,1,1,3,70.41853284835815,3,3,1,3,3,3,6,188,0,356,0.0382575,9,3,0,0,0,0,0,0,0,0,0,0,0,0,0,6,0,0,0,0.0,,,3,1,0,176,12,202,188,0
/home/c2dev/c2_explorer_reproduction/logs/reachability_retry/formal/open_plan_office/uav_3/b2_open_plan_office_uav3_run_010,open_plan_office,3,b2,010,5.0,/home/c2dev/c2_explorer_reproduction/scripts/activate_reachability_retry.sh,true,false,1,1,3,70.30339336395264,3,3,1,3,3,3,8,214,0,374,0.03146045,20,9,0,0,0,0,0,0,0,0,0,0,0,0,0,6,0,0,0,0.0,,,3,1,0,203,11,221,214,0
/home/c2dev/c2_explorer_reproduction/logs/reachability_retry/formal/open_plan_office/uav_3/b2_open_plan_office_uav3_run_011,open_plan_office,3,b2,011,5.0,/home/c2dev/c2_explorer_reproduction/scripts/activate_reachability_retry.sh,true,false,1,1,3,58.416746616363525,6,6,2,3,6,6,9,191,0,348,0.04630725,15,6,0,0,0,0,0,0,0,0,0,0,0,0,0,12,0,0,0,0.0,,,6,5,0,183,8,194,191,0
/home/c2dev/c2_explorer_reproduction/logs/reachability_retry/formal/open_plan_office/uav_3/b2_open_plan_office_uav3_run_012,open_plan_office,3,b2,012,5.0,/home/c2dev/c2_explorer_reproduction/scripts/activate_reachability_retry.sh,true,false,1,1,3,61.783191442489624,2,2,1,2,2,2,5,205,0,375,0.0275659,9,3,0,0,0,0,0,0,0,0,0,0,0,0,0,4,0,0,0,0.0,,,2,0,0,194,10,214,205,0
/home/c2dev/c2_explorer_reproduction/logs/reachability_retry/formal/open_plan_office/uav_3/b2_open_plan_office_uav3_run_013,open_plan_office,3,b2,013,5.0,/home/c2dev/c2_explorer_reproduction/scripts/activate_reachability_retry.sh,true,false,1,1,3,61.7112295627594,1,1,0,1,1,1,5,192,0,346,0.0325963,19,8,0,0,0,0,0,0,0,0,0,0,0,0,0,2,0,0,0,0.0,,,1,0,0,179,13,198,192,0
/home/c2dev/c2_explorer_reproduction/logs/reachability_retry/formal/open_plan_office/uav_3/b3_open_plan_office_uav3_run_001,open_plan_office,3,b3,001,5.0,/home/c2dev/c2_explorer_reproduction/scripts/activate_reachability_retry.sh,true,true,1,1,3,61.53868222236633,3,3,1,3,3,3,7,198,0,368,0.03693895,11,4,1,1,1,0,1,2,6,1,1,0,0,0,0,2,1,1,1,0.3865516185760498,0.3865516185760498,0.3865516185760498,3,1,2,189,9,211,198,0
/home/c2dev/c2_explorer_reproduction/logs/reachability_retry/formal/open_plan_office/uav_3/b3_open_plan_office_uav3_run_002,open_plan_office,3,b3,002,5.0,/home/c2dev/c2_explorer_reproduction/scripts/activate_reachability_retry.sh,true,true,1,1,3,57.59368348121643,6,6,2,3,6,6,11,189,0,360,0.03395435,11,4,2,2,2,0,2,4,12,2,2,0,0,0,1,6,2,2,2,0.7797091007232666,0.3898545503616333,0.45736907720565795,6,8,3,181,8,196,189,0
/home/c2dev/c2_explorer_reproduction/logs/reachability_retry/formal/open_plan_office/uav_3/b3_open_plan_office_uav3_run_003,open_plan_office,3,b3,003,5.0,/home/c2dev/c2_explorer_reproduction/scripts/activate_reachability_retry.sh,true,true,1,1,3,60.51939129829407,4,4,1,3,4,4,9,207,0,385,0.0288826,13,5,2,2,2,0,2,4,12,2,2,0,0,0,0,4,2,2,2,0.651392936706543,0.3256964683532715,0.4362618446350097,4,1,2,199,8,221,207,0
/home/c2dev/c2_explorer_reproduction/logs/reachability_retry/formal/open_plan_office/uav_3/b3_open_plan_office_uav3_run_004,open_plan_office,3,b3,004,5.0,/home/c2dev/c2_explorer_reproduction/scripts/activate_reachability_retry.sh,true,true,1,1,3,55.74332022666931,3,3,1,3,3,3,7,198,0,376,0.0373716,13,5,1,1,1,0,1,2,6,1,1,0,0,0,0,2,1,1,1,0.25378918647766113,0.25378918647766113,0.25378918647766113,3,4,2,188,10,211,198,0
/home/c2dev/c2_explorer_reproduction/logs/reachability_retry/formal/open_plan_office/uav_3/b3_open_plan_office_uav3_run_005,open_plan_office,3,b3,005,5.0,/home/c2dev/c2_explorer_reproduction/scripts/activate_reachability_retry.sh,true,true,1,1,3,52.05315828323364,3,3,1,3,3,3,7,197,0,366,0.0406892,9,3,1,1,1,0,1,2,6,1,1,0,0,0,0,2,1,1,1,0.2171010971069336,0.2171010971069336,0.2171010971069336,3,1,2,190,7,206,197,0
/home/c2dev/c2_explorer_reproduction/logs/reachability_retry/formal/open_plan_office/uav_3/b3_open_plan_office_uav3_run_006,open_plan_office,3,b3,006,5.0,/home/c2dev/c2_explorer_reproduction/scripts/activate_reachability_retry.sh,true,true,1,1,3,52.15333652496338,3,3,1,3,3,3,7,181,0,344,0.0285252,12,5,1,1,1,0,1,2,6,1,1,0,0,0,1,4,1,1,1,0.3064148426055908,0.3064148426055908,0.3064148426055908,3,1,1,171,10,194,181,0
/home/c2dev/c2_explorer_reproduction/logs/reachability_retry/formal/open_plan_office/uav_3/b3_open_plan_office_uav3_run_007,open_plan_office,3,b3,007,5.0,/home/c2dev/c2_explorer_reproduction/scripts/activate_reachability_retry.sh,true,true,1,1,3,52.01052212715149,3,3,1,3,3,3,8,200,0,353,0.0245654,12,5,1,1,1,0,1,2,6,1,1,0,0,0,0,2,1,1,1,0.23281502723693848,0.23281502723693848,0.23281502723693848,3,3,2,190,10,207,200,0
/home/c2dev/c2_explorer_reproduction/logs/reachability_retry/formal/open_plan_office/uav_3/b3_open_plan_office_uav3_run_008,open_plan_office,3,b3,008,5.0,/home/c2dev/c2_explorer_reproduction/scripts/activate_reachability_retry.sh,true,true,1,1,3,58.318115234375,9,9,3,3,9,9,15,195,0,381,0.023942199999999997,10,4,3,3,3,0,3,6,18,3,3,0,0,0,0,6,3,3,3,0.7634022235870361,0.24218368530273438,0.29515881538391114,9,15,6,187,8,204,195,0
/home/c2dev/c2_explorer_reproduction/logs/reachability_retry/formal/open_plan_office/uav_3/b3_open_plan_office_uav3_run_009,open_plan_office,3,b3,009,5.0,/home/c2dev/c2_explorer_reproduction/scripts/activate_reachability_retry.sh,true,true,1,1,3,56.22491526603699,6,6,2,3,6,6,11,199,0,369,0.0230078,10,4,2,2,2,0,2,4,12,2,2,0,0,0,0,4,2,2,2,0.5651900768280029,0.28259503841400146,0.30671764612197877,6,7,4,190,9,206,199,0
/home/c2dev/c2_explorer_reproduction/logs/reachability_retry/formal/open_plan_office/uav_3/b3_open_plan_office_uav3_run_010,open_plan_office,3,b3,010,5.0,/home/c2dev/c2_explorer_reproduction/scripts/activate_reachability_retry.sh,true,true,1,1,3,59.95355677604675,2,2,1,2,2,2,6,158,0,320,0.044148099999999996,18,7,1,1,1,0,1,2,6,1,1,0,0,0,1,4,1,1,1,0.7727565765380859,0.7727565765380859,0.7727565765380859,2,0,0,153,5,164,158,0
/home/c2dev/c2_explorer_reproduction/logs/reachability_retry/formal/open_plan_office/uav_3/b3_open_plan_office_uav3_run_011,open_plan_office,3,b3,011,5.0,/home/c2dev/c2_explorer_reproduction/scripts/activate_reachability_retry.sh,true,true,1,1,3,64.88605308532715,1,1,0,1,1,1,5,218,0,389,0.024840150000000002,10,4,1,1,1,0,1,2,6,1,1,0,0,0,0,2,1,1,1,0.38356518745422363,0.38356518745422363,0.38356518745422363,1,0,0,205,13,227,218,0
/home/c2dev/c2_explorer_reproduction/logs/reachability_retry/formal/open_plan_office/uav_3/b3_open_plan_office_uav3_run_012,open_plan_office,3,b3,012,5.0,/home/c2dev/c2_explorer_reproduction/scripts/activate_reachability_retry.sh,true,true,1,1,3,67.3165295124054,3,3,1,3,3,3,7,208,0,380,0.027052499999999997,17,7,1,1,1,0,1,2,6,1,1,0,0,0,0,2,1,1,1,0.2347404956817627,0.2347404956817627,0.2347404956817627,3,2,2,195,12,220,208,0
/home/c2dev/c2_explorer_reproduction/logs/reachability_retry/formal/open_plan_office/uav_3/b3_open_plan_office_uav3_run_013,open_plan_office,3,b3,013,5.0,/home/c2dev/c2_explorer_reproduction/scripts/activate_reachability_retry.sh,true,true,1,1,3,55.47792053222656,3,3,1,3,3,3,7,200,0,369,0.0273179,9,3,1,1,1,0,1,2,6,1,1,0,0,0,0,2,1,1,1,0.21106624603271484,0.21106624603271484,0.21106624603271484,3,2,2,190,10,206,200,0
